./Experiments/CPS/groundtruth/normalized/ALBERT/iw03_T2_Export.nii,./Experiments/CPS/results/normalized/ALBERT/iw03_T2_WATERSHED.nii,0.832761
./Experiments/CPS/groundtruth/normalized/ALBERT/iw05_T2_Export.nii,./Experiments/CPS/results/normalized/ALBERT/iw05_T2_WATERSHED.nii,0.899700
./Experiments/CPS/groundtruth/normalized/ALBERT/iw06_T2_Export.nii,./Experiments/CPS/results/normalized/ALBERT/iw06_T2_WATERSHED.nii,0.904346
./Experiments/CPS/groundtruth/normalized/ALBERT/iw10_T2_Export.nii,./Experiments/CPS/results/normalized/ALBERT/iw10_T2_WATERSHED.nii,0.813179
./Experiments/CPS/groundtruth/normalized/ALBERT/iw11_T2_Export.nii,./Experiments/CPS/results/normalized/ALBERT/iw11_T2_WATERSHED.nii,0.839516
./Experiments/CPS/groundtruth/normalized/ALBERT/iw12_T2_Export.nii,./Experiments/CPS/results/normalized/ALBERT/iw12_T2_WATERSHED.nii,0.835807
./Experiments/CPS/groundtruth/normalized/ALBERT/iw17_T2_Export.nii,./Experiments/CPS/results/normalized/ALBERT/iw17_T2_WATERSHED.nii,0.793082
./Experiments/CPS/groundtruth/normalized/dHCP/iwsub-CC00069XX12_ses-26300_T2w_restore_brain.nii,./Experiments/CPS/results/normalized/dHCP/iwsub-CC00069XX12_ses-26300_T2w_WATERSHED.nii,0.938436
./Experiments/CPS/groundtruth/normalized/dHCP/iwsub-CC00099AN18_ses-34200_T2w_restore_brain.nii,./Experiments/CPS/results/normalized/dHCP/iwsub-CC00099AN18_ses-34200_T2w_WATERSHED.nii,0.897096
./Experiments/CPS/groundtruth/normalized/dHCP/iwsub-CC00117XX10_ses-38200_T2w_restore_brain.nii,./Experiments/CPS/results/normalized/dHCP/iwsub-CC00117XX10_ses-38200_T2w_WATERSHED.nii,0.912959
./Experiments/CPS/groundtruth/normalized/dHCP/iwsub-CC00122XX07_ses-42000_T2w_restore_brain.nii,./Experiments/CPS/results/normalized/dHCP/iwsub-CC00122XX07_ses-42000_T2w_WATERSHED.nii,0.926263
./Experiments/CPS/groundtruth/normalized/dHCP/iwsub-CC00126XX11_ses-43100_T2w_restore_brain.nii,./Experiments/CPS/results/normalized/dHCP/iwsub-CC00126XX11_ses-43100_T2w_WATERSHED.nii,0.938688
./Experiments/CPS/groundtruth/normalized/dHCP/iwsub-CC00138XX15_ses-46200_T2w_restore_brain.nii,./Experiments/CPS/results/normalized/dHCP/iwsub-CC00138XX15_ses-46200_T2w_WATERSHED.nii,0.927917
./Experiments/CPS/groundtruth/normalized/dHCP/iwsub-CC00162XX06_ses-53600_T2w_restore_brain.nii,./Experiments/CPS/results/normalized/dHCP/iwsub-CC00162XX06_ses-53600_T2w_WATERSHED.nii,0.915355
./Experiments/CPS/groundtruth/normalized/dHCP/iwsub-CC00164XX08_ses-54000_T2w_restore_brain.nii,./Experiments/CPS/results/normalized/dHCP/iwsub-CC00164XX08_ses-54000_T2w_WATERSHED.nii,0.925628
./Experiments/CPS/groundtruth/normalized/dHCP/iwsub-CC00168XX12_ses-55700_T2w_restore_brain.nii,./Experiments/CPS/results/normalized/dHCP/iwsub-CC00168XX12_ses-55700_T2w_WATERSHED.nii,0.927746
./Experiments/CPS/groundtruth/normalized/dHCP/iwsub-CC00170XX06_ses-56100_T2w_restore_brain.nii,./Experiments/CPS/results/normalized/dHCP/iwsub-CC00170XX06_ses-56100_T2w_WATERSHED.nii,0.933797
./Experiments/CPS/groundtruth/normalized/dHCP/iwsub-CC00172AN08_ses-56901_T2w_restore_brain.nii,./Experiments/CPS/results/normalized/dHCP/iwsub-CC00172AN08_ses-56901_T2w_WATERSHED.nii,0.940262
./Experiments/CPS/groundtruth/normalized/dHCP/iwsub-CC00172BN08_ses-57300_T2w_restore_brain.nii,./Experiments/CPS/results/normalized/dHCP/iwsub-CC00172BN08_ses-57300_T2w_WATERSHED.nii,0.948055
./Experiments/CPS/groundtruth/normalized/dHCP/iwsub-CC00176XX12_ses-57600_T2w_restore_brain.nii,./Experiments/CPS/results/normalized/dHCP/iwsub-CC00176XX12_ses-57600_T2w_WATERSHED.nii,0.929910
./Experiments/CPS/groundtruth/normalized/dHCP/iwsub-CC00201XX03_ses-67600_T2w_restore_brain.nii,./Experiments/CPS/results/normalized/dHCP/iwsub-CC00201XX03_ses-67600_T2w_WATERSHED.nii,0.919617
./Experiments/CPS/groundtruth/normalized/dHCP/iwsub-CC00205XX07_ses-70000_T2w_restore_brain.nii,./Experiments/CPS/results/normalized/dHCP/iwsub-CC00205XX07_ses-70000_T2w_WATERSHED.nii,0.902552
./Experiments/CPS/groundtruth/normalized/dHCP/iwsub-CC00206XX08_ses-70100_T2w_restore_brain.nii,./Experiments/CPS/results/normalized/dHCP/iwsub-CC00206XX08_ses-70100_T2w_WATERSHED.nii,0.915398
./Experiments/CPS/groundtruth/normalized/dHCP/iwsub-CC00209XX11_ses-70400_T2w_restore_brain.nii,./Experiments/CPS/results/normalized/dHCP/iwsub-CC00209XX11_ses-70400_T2w_WATERSHED.nii,0.938619
./Experiments/CPS/groundtruth/normalized/dHCP/iwsub-CC00216AN10_ses-73100_T2w_restore_brain.nii,./Experiments/CPS/results/normalized/dHCP/iwsub-CC00216AN10_ses-73100_T2w_WATERSHED.nii,0.963008
./Experiments/CPS/groundtruth/normalized/dHCP/iwsub-CC00217XX11_ses-73700_T2w_restore_brain.nii,./Experiments/CPS/results/normalized/dHCP/iwsub-CC00217XX11_ses-73700_T2w_WATERSHED.nii,0.922034
./Experiments/CPS/groundtruth/normalized/dHCP/iwsub-CC00221XX07_ses-75000_T2w_restore_brain.nii,./Experiments/CPS/results/normalized/dHCP/iwsub-CC00221XX07_ses-75000_T2w_WATERSHED.nii,0.926495
./Experiments/CPS/groundtruth/normalized/dHCP/iwsub-CC00237XX15_ses-79300_T2w_restore_brain.nii,./Experiments/CPS/results/normalized/dHCP/iwsub-CC00237XX15_ses-79300_T2w_WATERSHED.nii,0.924971
./Experiments/CPS/groundtruth/normalized/dHCP/iwsub-CC00250XX03_ses-83700_T2w_restore_brain.nii,./Experiments/CPS/results/normalized/dHCP/iwsub-CC00250XX03_ses-83700_T2w_WATERSHED.nii,0.922554
./Experiments/CPS/groundtruth/normalized/dHCP/iwsub-CC00268XX13_ses-87800_T2w_restore_brain.nii,./Experiments/CPS/results/normalized/dHCP/iwsub-CC00268XX13_ses-87800_T2w_WATERSHED.nii,0.944430
./Experiments/CPS/groundtruth/normalized/dHCP/iwsub-CC00281BN10_ses-90500_T2w_restore_brain.nii,./Experiments/CPS/results/normalized/dHCP/iwsub-CC00281BN10_ses-90500_T2w_WATERSHED.nii,0.891402
./Experiments/CPS/groundtruth/normalized/dHCP/iwsub-CC00303XX06_ses-96900_T2w_restore_brain.nii,./Experiments/CPS/results/normalized/dHCP/iwsub-CC00303XX06_ses-96900_T2w_WATERSHED.nii,0.940892
./Experiments/CPS/groundtruth/normalized/dHCP/iwsub-CC00313XX08_ses-100000_T2w_restore_brain.nii,./Experiments/CPS/results/normalized/dHCP/iwsub-CC00313XX08_ses-100000_T2w_WATERSHED.nii,0.936251
./Experiments/CPS/groundtruth/normalized/dHCP/iwsub-CC00334XX13_ses-106100_T2w_restore_brain.nii,./Experiments/CPS/results/normalized/dHCP/iwsub-CC00334XX13_ses-106100_T2w_WATERSHED.nii,0.926839
./Experiments/CPS/groundtruth/normalized/dHCP/iwsub-CC00338BN17_ses-107600_T2w_restore_brain.nii,./Experiments/CPS/results/normalized/dHCP/iwsub-CC00338BN17_ses-107600_T2w_WATERSHED.nii,0.947826
./Experiments/CPS/groundtruth/normalized/dHCP/iwsub-CC00347XX18_ses-109600_T2w_restore_brain.nii,./Experiments/CPS/results/normalized/dHCP/iwsub-CC00347XX18_ses-109600_T2w_WATERSHED.nii,0.913941
./Experiments/CPS/groundtruth/normalized/dHCP/iwsub-CC00357XX11_ses-113900_T2w_restore_brain.nii,./Experiments/CPS/results/normalized/dHCP/iwsub-CC00357XX11_ses-113900_T2w_WATERSHED.nii,0.898706
./Experiments/CPS/groundtruth/normalized/dHCP/iwsub-CC00363XX09_ses-114900_T2w_restore_brain.nii,./Experiments/CPS/results/normalized/dHCP/iwsub-CC00363XX09_ses-114900_T2w_WATERSHED.nii,0.908952
./Experiments/CPS/groundtruth/normalized/dHCP/iwsub-CC00367XX13_ses-116000_T2w_restore_brain.nii,./Experiments/CPS/results/normalized/dHCP/iwsub-CC00367XX13_ses-116000_T2w_WATERSHED.nii,0.932738
./Experiments/CPS/groundtruth/normalized/dHCP/iwsub-CC00379XX17_ses-120400_T2w_restore_brain.nii,./Experiments/CPS/results/normalized/dHCP/iwsub-CC00379XX17_ses-120400_T2w_WATERSHED.nii,0.950230
./Experiments/CPS/groundtruth/normalized/dHCP/iwsub-CC00413XX09_ses-127100_T2w_restore_brain.nii,./Experiments/CPS/results/normalized/dHCP/iwsub-CC00413XX09_ses-127100_T2w_WATERSHED.nii,0.897955
./Experiments/CPS/groundtruth/normalized/dHCP/iwsub-CC00415XX11_ses-127400_T2w_restore_brain.nii,./Experiments/CPS/results/normalized/dHCP/iwsub-CC00415XX11_ses-127400_T2w_WATERSHED.nii,0.919942
./Experiments/CPS/groundtruth/normalized/dHCP/iwsub-CC00418BN14_ses-125300_T2w_restore_brain.nii,./Experiments/CPS/results/normalized/dHCP/iwsub-CC00418BN14_ses-125300_T2w_WATERSHED.nii,0.945429
./Experiments/CPS/groundtruth/normalized/dHCP/iwsub-CC00421AN09_ses-126000_T2w_restore_brain.nii,./Experiments/CPS/results/normalized/dHCP/iwsub-CC00421AN09_ses-126000_T2w_WATERSHED.nii,0.943589
./Experiments/CPS/groundtruth/normalized/dHCP/iwsub-CC00421BN09_ses-126100_T2w_restore_brain.nii,./Experiments/CPS/results/normalized/dHCP/iwsub-CC00421BN09_ses-126100_T2w_WATERSHED.nii,0.951448
./Experiments/CPS/groundtruth/normalized/dHCP/iwsub-CC00422XX10_ses-127800_T2w_restore_brain.nii,./Experiments/CPS/results/normalized/dHCP/iwsub-CC00422XX10_ses-127800_T2w_WATERSHED.nii,0.869972
./Experiments/CPS/groundtruth/normalized/dHCP/iwsub-CC00480XX11_ses-141609_T2w_restore_brain.nii,./Experiments/CPS/results/normalized/dHCP/iwsub-CC00480XX11_ses-141609_T2w_WATERSHED.nii,0.896757
./Experiments/CPS/groundtruth/unnormalized/ALBERT/03_T2_Export.nii,./Experiments/CPS/results/unnormalized/ALBERT/03_T2_WATERSHED.nii,0.841670
./Experiments/CPS/groundtruth/unnormalized/ALBERT/05_T2_Export.nii,./Experiments/CPS/results/unnormalized/ALBERT/05_T2_WATERSHED.nii,0.903911
./Experiments/CPS/groundtruth/unnormalized/ALBERT/06_T2_Export.nii,./Experiments/CPS/results/unnormalized/ALBERT/06_T2_WATERSHED.nii,0.913201
./Experiments/CPS/groundtruth/unnormalized/ALBERT/10_T2_Export.nii,./Experiments/CPS/results/unnormalized/ALBERT/10_T2_WATERSHED.nii,0.821850
./Experiments/CPS/groundtruth/unnormalized/ALBERT/11_T2_Export.nii,./Experiments/CPS/results/unnormalized/ALBERT/11_T2_WATERSHED.nii,0.848759
./Experiments/CPS/groundtruth/unnormalized/ALBERT/12_T2_Export.nii,./Experiments/CPS/results/unnormalized/ALBERT/12_T2_WATERSHED.nii,0.842287
./Experiments/CPS/groundtruth/unnormalized/ALBERT/17_T2_Export.nii,./Experiments/CPS/results/unnormalized/ALBERT/17_T2_WATERSHED.nii,0.801127
./Experiments/CPS/groundtruth/unnormalized/dHCP/sub-CC00069XX12_ses-26300_T2w_restore_brain.nii,./Experiments/CPS/results/unnormalized/dHCP/sub-CC00069XX12_ses-26300_T2w_WATERSHED.nii,0.940658
./Experiments/CPS/groundtruth/unnormalized/dHCP/sub-CC00099AN18_ses-34200_T2w_restore_brain.nii,./Experiments/CPS/results/unnormalized/dHCP/sub-CC00099AN18_ses-34200_T2w_WATERSHED.nii,0.899271
./Experiments/CPS/groundtruth/unnormalized/dHCP/sub-CC00117XX10_ses-38200_T2w_restore_brain.nii,./Experiments/CPS/results/unnormalized/dHCP/sub-CC00117XX10_ses-38200_T2w_WATERSHED.nii,0.915106
./Experiments/CPS/groundtruth/unnormalized/dHCP/sub-CC00122XX07_ses-42000_T2w_restore_brain.nii,./Experiments/CPS/results/unnormalized/dHCP/sub-CC00122XX07_ses-42000_T2w_WATERSHED.nii,0.927470
./Experiments/CPS/groundtruth/unnormalized/dHCP/sub-CC00126XX11_ses-43100_T2w_restore_brain.nii,./Experiments/CPS/results/unnormalized/dHCP/sub-CC00126XX11_ses-43100_T2w_WATERSHED.nii,0.941396
./Experiments/CPS/groundtruth/unnormalized/dHCP/sub-CC00138XX15_ses-46200_T2w_restore_brain.nii,./Experiments/CPS/results/unnormalized/dHCP/sub-CC00138XX15_ses-46200_T2w_WATERSHED.nii,0.929670
./Experiments/CPS/groundtruth/unnormalized/dHCP/sub-CC00162XX06_ses-53600_T2w_restore_brain.nii,./Experiments/CPS/results/unnormalized/dHCP/sub-CC00162XX06_ses-53600_T2w_WATERSHED.nii,0.918059
./Experiments/CPS/groundtruth/unnormalized/dHCP/sub-CC00164XX08_ses-54000_T2w_restore_brain.nii,./Experiments/CPS/results/unnormalized/dHCP/sub-CC00164XX08_ses-54000_T2w_WATERSHED.nii,0.927713
./Experiments/CPS/groundtruth/unnormalized/dHCP/sub-CC00168XX12_ses-55700_T2w_restore_brain.nii,./Experiments/CPS/results/unnormalized/dHCP/sub-CC00168XX12_ses-55700_T2w_WATERSHED.nii,0.928433
./Experiments/CPS/groundtruth/unnormalized/dHCP/sub-CC00170XX06_ses-56100_T2w_restore_brain.nii,./Experiments/CPS/results/unnormalized/dHCP/sub-CC00170XX06_ses-56100_T2w_WATERSHED.nii,0.935318
./Experiments/CPS/groundtruth/unnormalized/dHCP/sub-CC00172AN08_ses-56901_T2w_restore_brain.nii,./Experiments/CPS/results/unnormalized/dHCP/sub-CC00172AN08_ses-56901_T2w_WATERSHED.nii,0.942945
./Experiments/CPS/groundtruth/unnormalized/dHCP/sub-CC00172BN08_ses-57300_T2w_restore_brain.nii,./Experiments/CPS/results/unnormalized/dHCP/sub-CC00172BN08_ses-57300_T2w_WATERSHED.nii,0.949984
./Experiments/CPS/groundtruth/unnormalized/dHCP/sub-CC00176XX12_ses-57600_T2w_restore_brain.nii,./Experiments/CPS/results/unnormalized/dHCP/sub-CC00176XX12_ses-57600_T2w_WATERSHED.nii,0.931114
./Experiments/CPS/groundtruth/unnormalized/dHCP/sub-CC00201XX03_ses-67600_T2w_restore_brain.nii,./Experiments/CPS/results/unnormalized/dHCP/sub-CC00201XX03_ses-67600_T2w_WATERSHED.nii,0.921073
./Experiments/CPS/groundtruth/unnormalized/dHCP/sub-CC00205XX07_ses-70000_T2w_restore_brain.nii,./Experiments/CPS/results/unnormalized/dHCP/sub-CC00205XX07_ses-70000_T2w_WATERSHED.nii,0.904908
./Experiments/CPS/groundtruth/unnormalized/dHCP/sub-CC00206XX08_ses-70100_T2w_restore_brain.nii,./Experiments/CPS/results/unnormalized/dHCP/sub-CC00206XX08_ses-70100_T2w_WATERSHED.nii,0.915530
./Experiments/CPS/groundtruth/unnormalized/dHCP/sub-CC00209XX11_ses-70400_T2w_restore_brain.nii,./Experiments/CPS/results/unnormalized/dHCP/sub-CC00209XX11_ses-70400_T2w_WATERSHED.nii,0.940592
./Experiments/CPS/groundtruth/unnormalized/dHCP/sub-CC00216AN10_ses-73100_T2w_restore_brain.nii,./Experiments/CPS/results/unnormalized/dHCP/sub-CC00216AN10_ses-73100_T2w_WATERSHED.nii,0.965044
./Experiments/CPS/groundtruth/unnormalized/dHCP/sub-CC00217XX11_ses-73700_T2w_restore_brain.nii,./Experiments/CPS/results/unnormalized/dHCP/sub-CC00217XX11_ses-73700_T2w_WATERSHED.nii,0.924380
./Experiments/CPS/groundtruth/unnormalized/dHCP/sub-CC00221XX07_ses-75000_T2w_restore_brain.nii,./Experiments/CPS/results/unnormalized/dHCP/sub-CC00221XX07_ses-75000_T2w_WATERSHED.nii,0.927768
./Experiments/CPS/groundtruth/unnormalized/dHCP/sub-CC00237XX15_ses-79300_T2w_restore_brain.nii,./Experiments/CPS/results/unnormalized/dHCP/sub-CC00237XX15_ses-79300_T2w_WATERSHED.nii,0.926954
./Experiments/CPS/groundtruth/unnormalized/dHCP/sub-CC00250XX03_ses-83700_T2w_restore_brain.nii,./Experiments/CPS/results/unnormalized/dHCP/sub-CC00250XX03_ses-83700_T2w_WATERSHED.nii,0.923395
./Experiments/CPS/groundtruth/unnormalized/dHCP/sub-CC00268XX13_ses-87800_T2w_restore_brain.nii,./Experiments/CPS/results/unnormalized/dHCP/sub-CC00268XX13_ses-87800_T2w_WATERSHED.nii,0.944299
./Experiments/CPS/groundtruth/unnormalized/dHCP/sub-CC00281BN10_ses-90500_T2w_restore_brain.nii,./Experiments/CPS/results/unnormalized/dHCP/sub-CC00281BN10_ses-90500_T2w_WATERSHED.nii,0.894406
./Experiments/CPS/groundtruth/unnormalized/dHCP/sub-CC00303XX06_ses-96900_T2w_restore_brain.nii,./Experiments/CPS/results/unnormalized/dHCP/sub-CC00303XX06_ses-96900_T2w_WATERSHED.nii,0.942163
./Experiments/CPS/groundtruth/unnormalized/dHCP/sub-CC00313XX08_ses-100000_T2w_restore_brain.nii,./Experiments/CPS/results/unnormalized/dHCP/sub-CC00313XX08_ses-100000_T2w_WATERSHED.nii,0.938562
./Experiments/CPS/groundtruth/unnormalized/dHCP/sub-CC00334XX13_ses-106100_T2w_restore_brain.nii,./Experiments/CPS/results/unnormalized/dHCP/sub-CC00334XX13_ses-106100_T2w_WATERSHED.nii,0.927467
./Experiments/CPS/groundtruth/unnormalized/dHCP/sub-CC00338BN17_ses-107600_T2w_restore_brain.nii,./Experiments/CPS/results/unnormalized/dHCP/sub-CC00338BN17_ses-107600_T2w_WATERSHED.nii,0.948985
./Experiments/CPS/groundtruth/unnormalized/dHCP/sub-CC00347XX18_ses-109600_T2w_restore_brain.nii,./Experiments/CPS/results/unnormalized/dHCP/sub-CC00347XX18_ses-109600_T2w_WATERSHED.nii,0.913609
./Experiments/CPS/groundtruth/unnormalized/dHCP/sub-CC00357XX11_ses-113900_T2w_restore_brain.nii,./Experiments/CPS/results/unnormalized/dHCP/sub-CC00357XX11_ses-113900_T2w_WATERSHED.nii,0.897736
./Experiments/CPS/groundtruth/unnormalized/dHCP/sub-CC00363XX09_ses-114900_T2w_restore_brain.nii,./Experiments/CPS/results/unnormalized/dHCP/sub-CC00363XX09_ses-114900_T2w_WATERSHED.nii,0.909515
./Experiments/CPS/groundtruth/unnormalized/dHCP/sub-CC00367XX13_ses-116000_T2w_restore_brain.nii,./Experiments/CPS/results/unnormalized/dHCP/sub-CC00367XX13_ses-116000_T2w_WATERSHED.nii,0.935028
./Experiments/CPS/groundtruth/unnormalized/dHCP/sub-CC00379XX17_ses-120400_T2w_restore_brain.nii,./Experiments/CPS/results/unnormalized/dHCP/sub-CC00379XX17_ses-120400_T2w_WATERSHED.nii,0.953582
./Experiments/CPS/groundtruth/unnormalized/dHCP/sub-CC00413XX09_ses-127100_T2w_restore_brain.nii,./Experiments/CPS/results/unnormalized/dHCP/sub-CC00413XX09_ses-127100_T2w_WATERSHED.nii,0.899473
./Experiments/CPS/groundtruth/unnormalized/dHCP/sub-CC00415XX11_ses-127400_T2w_restore_brain.nii,./Experiments/CPS/results/unnormalized/dHCP/sub-CC00415XX11_ses-127400_T2w_WATERSHED.nii,0.921143
./Experiments/CPS/groundtruth/unnormalized/dHCP/sub-CC00418BN14_ses-125300_T2w_restore_brain.nii,./Experiments/CPS/results/unnormalized/dHCP/sub-CC00418BN14_ses-125300_T2w_WATERSHED.nii,0.948226
./Experiments/CPS/groundtruth/unnormalized/dHCP/sub-CC00421AN09_ses-126000_T2w_restore_brain.nii,./Experiments/CPS/results/unnormalized/dHCP/sub-CC00421AN09_ses-126000_T2w_WATERSHED.nii,0.945200
./Experiments/CPS/groundtruth/unnormalized/dHCP/sub-CC00421BN09_ses-126100_T2w_restore_brain.nii,./Experiments/CPS/results/unnormalized/dHCP/sub-CC00421BN09_ses-126100_T2w_WATERSHED.nii,0.953209
./Experiments/CPS/groundtruth/unnormalized/dHCP/sub-CC00422XX10_ses-127800_T2w_restore_brain.nii,./Experiments/CPS/results/unnormalized/dHCP/sub-CC00422XX10_ses-127800_T2w_WATERSHED.nii,0.870070
./Experiments/CPS/groundtruth/unnormalized/dHCP/sub-CC00480XX11_ses-141609_T2w_restore_brain.nii,./Experiments/CPS/results/unnormalized/dHCP/sub-CC00480XX11_ses-141609_T2w_WATERSHED.nii,0.897293
./Experiments/CPS/groundtruth/normalized/ALBERT/iw03_T2_Export.nii,./Experiments/CPS/results/normalized/ALBERT/iw03_T2_BET.nii,0.821833
./Experiments/CPS/groundtruth/normalized/ALBERT/iw05_T2_Export.nii,./Experiments/CPS/results/normalized/ALBERT/iw05_T2_BET.nii,0.882458
./Experiments/CPS/groundtruth/normalized/ALBERT/iw06_T2_Export.nii,./Experiments/CPS/results/normalized/ALBERT/iw06_T2_BET.nii,0.891869
./Experiments/CPS/groundtruth/normalized/ALBERT/iw10_T2_Export.nii,./Experiments/CPS/results/normalized/ALBERT/iw10_T2_BET.nii,0.796270
./Experiments/CPS/groundtruth/normalized/ALBERT/iw11_T2_Export.nii,./Experiments/CPS/results/normalized/ALBERT/iw11_T2_BET.nii,0.824368
./Experiments/CPS/groundtruth/normalized/ALBERT/iw12_T2_Export.nii,./Experiments/CPS/results/normalized/ALBERT/iw12_T2_BET.nii,0.815124
./Experiments/CPS/groundtruth/normalized/ALBERT/iw17_T2_Export.nii,./Experiments/CPS/results/normalized/ALBERT/iw17_T2_BET.nii,0.781012
./Experiments/CPS/groundtruth/normalized/dHCP/iwsub-CC00069XX12_ses-26300_T2w_restore_brain.nii,./Experiments/CPS/results/normalized/dHCP/iwsub-CC00069XX12_ses-26300_T2w_BET.nii,0.925068
./Experiments/CPS/groundtruth/normalized/dHCP/iwsub-CC00099AN18_ses-34200_T2w_restore_brain.nii,./Experiments/CPS/results/normalized/dHCP/iwsub-CC00099AN18_ses-34200_T2w_BET.nii,0.883869
./Experiments/CPS/groundtruth/normalized/dHCP/iwsub-CC00117XX10_ses-38200_T2w_restore_brain.nii,./Experiments/CPS/results/normalized/dHCP/iwsub-CC00117XX10_ses-38200_T2w_BET.nii,0.894959
./Experiments/CPS/groundtruth/normalized/dHCP/iwsub-CC00122XX07_ses-42000_T2w_restore_brain.nii,./Experiments/CPS/results/normalized/dHCP/iwsub-CC00122XX07_ses-42000_T2w_BET.nii,0.912460
./Experiments/CPS/groundtruth/normalized/dHCP/iwsub-CC00126XX11_ses-43100_T2w_restore_brain.nii,./Experiments/CPS/results/normalized/dHCP/iwsub-CC00126XX11_ses-43100_T2w_BET.nii,0.928418
./Experiments/CPS/groundtruth/normalized/dHCP/iwsub-CC00138XX15_ses-46200_T2w_restore_brain.nii,./Experiments/CPS/results/normalized/dHCP/iwsub-CC00138XX15_ses-46200_T2w_BET.nii,0.916466
./Experiments/CPS/groundtruth/normalized/dHCP/iwsub-CC00162XX06_ses-53600_T2w_restore_brain.nii,./Experiments/CPS/results/normalized/dHCP/iwsub-CC00162XX06_ses-53600_T2w_BET.nii,0.900941
./Experiments/CPS/groundtruth/normalized/dHCP/iwsub-CC00164XX08_ses-54000_T2w_restore_brain.nii,./Experiments/CPS/results/normalized/dHCP/iwsub-CC00164XX08_ses-54000_T2w_BET.nii,0.909742
./Experiments/CPS/groundtruth/normalized/dHCP/iwsub-CC00168XX12_ses-55700_T2w_restore_brain.nii,./Experiments/CPS/results/normalized/dHCP/iwsub-CC00168XX12_ses-55700_T2w_BET.nii,0.914063
./Experiments/CPS/groundtruth/normalized/dHCP/iwsub-CC00170XX06_ses-56100_T2w_restore_brain.nii,./Experiments/CPS/results/normalized/dHCP/iwsub-CC00170XX06_ses-56100_T2w_BET.nii,0.921215
./Experiments/CPS/groundtruth/normalized/dHCP/iwsub-CC00172AN08_ses-56901_T2w_restore_brain.nii,./Experiments/CPS/results/normalized/dHCP/iwsub-CC00172AN08_ses-56901_T2w_BET.nii,0.930163
./Experiments/CPS/groundtruth/normalized/dHCP/iwsub-CC00172BN08_ses-57300_T2w_restore_brain.nii,./Experiments/CPS/results/normalized/dHCP/iwsub-CC00172BN08_ses-57300_T2w_BET.nii,0.938244
./Experiments/CPS/groundtruth/normalized/dHCP/iwsub-CC00176XX12_ses-57600_T2w_restore_brain.nii,./Experiments/CPS/results/normalized/dHCP/iwsub-CC00176XX12_ses-57600_T2w_BET.nii,0.915634
./Experiments/CPS/groundtruth/normalized/dHCP/iwsub-CC00201XX03_ses-67600_T2w_restore_brain.nii,./Experiments/CPS/results/normalized/dHCP/iwsub-CC00201XX03_ses-67600_T2w_BET.nii,0.905571
./Experiments/CPS/groundtruth/normalized/dHCP/iwsub-CC00205XX07_ses-70000_T2w_restore_brain.nii,./Experiments/CPS/results/normalized/dHCP/iwsub-CC00205XX07_ses-70000_T2w_BET.nii,0.888355
./Experiments/CPS/groundtruth/normalized/dHCP/iwsub-CC00206XX08_ses-70100_T2w_restore_brain.nii,./Experiments/CPS/results/normalized/dHCP/iwsub-CC00206XX08_ses-70100_T2w_BET.nii,0.901974
./Experiments/CPS/groundtruth/normalized/dHCP/iwsub-CC00209XX11_ses-70400_T2w_restore_brain.nii,./Experiments/CPS/results/normalized/dHCP/iwsub-CC00209XX11_ses-70400_T2w_BET.nii,0.928762
./Experiments/CPS/groundtruth/normalized/dHCP/iwsub-CC00216AN10_ses-73100_T2w_restore_brain.nii,./Experiments/CPS/results/normalized/dHCP/iwsub-CC00216AN10_ses-73100_T2w_BET.nii,0.954219
./Experiments/CPS/groundtruth/normalized/dHCP/iwsub-CC00217XX11_ses-73700_T2w_restore_brain.nii,./Experiments/CPS/results/normalized/dHCP/iwsub-CC00217XX11_ses-73700_T2w_BET.nii,0.906040
./Experiments/CPS/groundtruth/normalized/dHCP/iwsub-CC00221XX07_ses-75000_T2w_restore_brain.nii,./Experiments/CPS/results/normalized/dHCP/iwsub-CC00221XX07_ses-75000_T2w_BET.nii,0.910224
./Experiments/CPS/groundtruth/normalized/dHCP/iwsub-CC00237XX15_ses-79300_T2w_restore_brain.nii,./Experiments/CPS/results/normalized/dHCP/iwsub-CC00237XX15_ses-79300_T2w_BET.nii,0.913987
./Experiments/CPS/groundtruth/normalized/dHCP/iwsub-CC00250XX03_ses-83700_T2w_restore_brain.nii,./Experiments/CPS/results/normalized/dHCP/iwsub-CC00250XX03_ses-83700_T2w_BET.nii,0.909486
./Experiments/CPS/groundtruth/normalized/dHCP/iwsub-CC00268XX13_ses-87800_T2w_restore_brain.nii,./Experiments/CPS/results/normalized/dHCP/iwsub-CC00268XX13_ses-87800_T2w_BET.nii,0.934837
./Experiments/CPS/groundtruth/normalized/dHCP/iwsub-CC00281BN10_ses-90500_T2w_restore_brain.nii,./Experiments/CPS/results/normalized/dHCP/iwsub-CC00281BN10_ses-90500_T2w_BET.nii,0.878021
./Experiments/CPS/groundtruth/normalized/dHCP/iwsub-CC00303XX06_ses-96900_T2w_restore_brain.nii,./Experiments/CPS/results/normalized/dHCP/iwsub-CC00303XX06_ses-96900_T2w_BET.nii,0.928670
./Experiments/CPS/groundtruth/normalized/dHCP/iwsub-CC00313XX08_ses-100000_T2w_restore_brain.nii,./Experiments/CPS/results/normalized/dHCP/iwsub-CC00313XX08_ses-100000_T2w_BET.nii,0.919131
./Experiments/CPS/groundtruth/normalized/dHCP/iwsub-CC00334XX13_ses-106100_T2w_restore_brain.nii,./Experiments/CPS/results/normalized/dHCP/iwsub-CC00334XX13_ses-106100_T2w_BET.nii,0.916959
./Experiments/CPS/groundtruth/normalized/dHCP/iwsub-CC00338BN17_ses-107600_T2w_restore_brain.nii,./Experiments/CPS/results/normalized/dHCP/iwsub-CC00338BN17_ses-107600_T2w_BET.nii,0.936095
./Experiments/CPS/groundtruth/normalized/dHCP/iwsub-CC00347XX18_ses-109600_T2w_restore_brain.nii,./Experiments/CPS/results/normalized/dHCP/iwsub-CC00347XX18_ses-109600_T2w_BET.nii,0.896732
./Experiments/CPS/groundtruth/normalized/dHCP/iwsub-CC00357XX11_ses-113900_T2w_restore_brain.nii,./Experiments/CPS/results/normalized/dHCP/iwsub-CC00357XX11_ses-113900_T2w_BET.nii,0.877239
./Experiments/CPS/groundtruth/normalized/dHCP/iwsub-CC00363XX09_ses-114900_T2w_restore_brain.nii,./Experiments/CPS/results/normalized/dHCP/iwsub-CC00363XX09_ses-114900_T2w_BET.nii,0.896040
./Experiments/CPS/groundtruth/normalized/dHCP/iwsub-CC00367XX13_ses-116000_T2w_restore_brain.nii,./Experiments/CPS/results/normalized/dHCP/iwsub-CC00367XX13_ses-116000_T2w_BET.nii,0.918855
./Experiments/CPS/groundtruth/normalized/dHCP/iwsub-CC00379XX17_ses-120400_T2w_restore_brain.nii,./Experiments/CPS/results/normalized/dHCP/iwsub-CC00379XX17_ses-120400_T2w_BET.nii,0.940827
./Experiments/CPS/groundtruth/normalized/dHCP/iwsub-CC00413XX09_ses-127100_T2w_restore_brain.nii,./Experiments/CPS/results/normalized/dHCP/iwsub-CC00413XX09_ses-127100_T2w_BET.nii,0.883860
./Experiments/CPS/groundtruth/normalized/dHCP/iwsub-CC00415XX11_ses-127400_T2w_restore_brain.nii,./Experiments/CPS/results/normalized/dHCP/iwsub-CC00415XX11_ses-127400_T2w_BET.nii,0.907478
./Experiments/CPS/groundtruth/normalized/dHCP/iwsub-CC00418BN14_ses-125300_T2w_restore_brain.nii,./Experiments/CPS/results/normalized/dHCP/iwsub-CC00418BN14_ses-125300_T2w_BET.nii,0.935506
./Experiments/CPS/groundtruth/normalized/dHCP/iwsub-CC00421AN09_ses-126000_T2w_restore_brain.nii,./Experiments/CPS/results/normalized/dHCP/iwsub-CC00421AN09_ses-126000_T2w_BET.nii,0.934718
./Experiments/CPS/groundtruth/normalized/dHCP/iwsub-CC00421BN09_ses-126100_T2w_restore_brain.nii,./Experiments/CPS/results/normalized/dHCP/iwsub-CC00421BN09_ses-126100_T2w_BET.nii,0.942611
./Experiments/CPS/groundtruth/normalized/dHCP/iwsub-CC00422XX10_ses-127800_T2w_restore_brain.nii,./Experiments/CPS/results/normalized/dHCP/iwsub-CC00422XX10_ses-127800_T2w_BET.nii,0.860582
./Experiments/CPS/groundtruth/normalized/dHCP/iwsub-CC00480XX11_ses-141609_T2w_restore_brain.nii,./Experiments/CPS/results/normalized/dHCP/iwsub-CC00480XX11_ses-141609_T2w_BET.nii,0.884325
./Experiments/CPS/groundtruth/unnormalized/ALBERT/03_T2_Export.nii,./Experiments/CPS/results/unnormalized/ALBERT/03_T2_BET.nii,0.829073
./Experiments/CPS/groundtruth/unnormalized/ALBERT/05_T2_Export.nii,./Experiments/CPS/results/unnormalized/ALBERT/05_T2_BET.nii,0.885094
./Experiments/CPS/groundtruth/unnormalized/ALBERT/06_T2_Export.nii,./Experiments/CPS/results/unnormalized/ALBERT/06_T2_BET.nii,0.897368
./Experiments/CPS/groundtruth/unnormalized/ALBERT/10_T2_Export.nii,./Experiments/CPS/results/unnormalized/ALBERT/10_T2_BET.nii,0.801280
./Experiments/CPS/groundtruth/unnormalized/ALBERT/11_T2_Export.nii,./Experiments/CPS/results/unnormalized/ALBERT/11_T2_BET.nii,0.830307
./Experiments/CPS/groundtruth/unnormalized/ALBERT/12_T2_Export.nii,./Experiments/CPS/results/unnormalized/ALBERT/12_T2_BET.nii,0.820406
./Experiments/CPS/groundtruth/unnormalized/ALBERT/17_T2_Export.nii,./Experiments/CPS/results/unnormalized/ALBERT/17_T2_BET.nii,0.785593
./Experiments/CPS/groundtruth/unnormalized/dHCP/sub-CC00069XX12_ses-26300_T2w_restore_brain.nii,./Experiments/CPS/results/unnormalized/dHCP/sub-CC00069XX12_ses-26300_T2w_BET.nii,0.925643
./Experiments/CPS/groundtruth/unnormalized/dHCP/sub-CC00099AN18_ses-34200_T2w_restore_brain.nii,./Experiments/CPS/results/unnormalized/dHCP/sub-CC00099AN18_ses-34200_T2w_BET.nii,0.883159
./Experiments/CPS/groundtruth/unnormalized/dHCP/sub-CC00117XX10_ses-38200_T2w_restore_brain.nii,./Experiments/CPS/results/unnormalized/dHCP/sub-CC00117XX10_ses-38200_T2w_BET.nii,0.894178
./Experiments/CPS/groundtruth/unnormalized/dHCP/sub-CC00122XX07_ses-42000_T2w_restore_brain.nii,./Experiments/CPS/results/unnormalized/dHCP/sub-CC00122XX07_ses-42000_T2w_BET.nii,0.911415
./Experiments/CPS/groundtruth/unnormalized/dHCP/sub-CC00126XX11_ses-43100_T2w_restore_brain.nii,./Experiments/CPS/results/unnormalized/dHCP/sub-CC00126XX11_ses-43100_T2w_BET.nii,0.928423
./Experiments/CPS/groundtruth/unnormalized/dHCP/sub-CC00138XX15_ses-46200_T2w_restore_brain.nii,./Experiments/CPS/results/unnormalized/dHCP/sub-CC00138XX15_ses-46200_T2w_BET.nii,0.915972
./Experiments/CPS/groundtruth/unnormalized/dHCP/sub-CC00162XX06_ses-53600_T2w_restore_brain.nii,./Experiments/CPS/results/unnormalized/dHCP/sub-CC00162XX06_ses-53600_T2w_BET.nii,0.902065
./Experiments/CPS/groundtruth/unnormalized/dHCP/sub-CC00164XX08_ses-54000_T2w_restore_brain.nii,./Experiments/CPS/results/unnormalized/dHCP/sub-CC00164XX08_ses-54000_T2w_BET.nii,0.909458
./Experiments/CPS/groundtruth/unnormalized/dHCP/sub-CC00168XX12_ses-55700_T2w_restore_brain.nii,./Experiments/CPS/results/unnormalized/dHCP/sub-CC00168XX12_ses-55700_T2w_BET.nii,0.915913
./Experiments/CPS/groundtruth/unnormalized/dHCP/sub-CC00170XX06_ses-56100_T2w_restore_brain.nii,./Experiments/CPS/results/unnormalized/dHCP/sub-CC00170XX06_ses-56100_T2w_BET.nii,0.920124
./Experiments/CPS/groundtruth/unnormalized/dHCP/sub-CC00172AN08_ses-56901_T2w_restore_brain.nii,./Experiments/CPS/results/unnormalized/dHCP/sub-CC00172AN08_ses-56901_T2w_BET.nii,0.929563
./Experiments/CPS/groundtruth/unnormalized/dHCP/sub-CC00172BN08_ses-57300_T2w_restore_brain.nii,./Experiments/CPS/results/unnormalized/dHCP/sub-CC00172BN08_ses-57300_T2w_BET.nii,0.937147
./Experiments/CPS/groundtruth/unnormalized/dHCP/sub-CC00176XX12_ses-57600_T2w_restore_brain.nii,./Experiments/CPS/results/unnormalized/dHCP/sub-CC00176XX12_ses-57600_T2w_BET.nii,0.916481
./Experiments/CPS/groundtruth/unnormalized/dHCP/sub-CC00201XX03_ses-67600_T2w_restore_brain.nii,./Experiments/CPS/results/unnormalized/dHCP/sub-CC00201XX03_ses-67600_T2w_BET.nii,0.906813
./Experiments/CPS/groundtruth/unnormalized/dHCP/sub-CC00205XX07_ses-70000_T2w_restore_brain.nii,./Experiments/CPS/results/unnormalized/dHCP/sub-CC00205XX07_ses-70000_T2w_BET.nii,0.887843
./Experiments/CPS/groundtruth/unnormalized/dHCP/sub-CC00206XX08_ses-70100_T2w_restore_brain.nii,./Experiments/CPS/results/unnormalized/dHCP/sub-CC00206XX08_ses-70100_T2w_BET.nii,0.900671
./Experiments/CPS/groundtruth/unnormalized/dHCP/sub-CC00209XX11_ses-70400_T2w_restore_brain.nii,./Experiments/CPS/results/unnormalized/dHCP/sub-CC00209XX11_ses-70400_T2w_BET.nii,0.928427
./Experiments/CPS/groundtruth/unnormalized/dHCP/sub-CC00216AN10_ses-73100_T2w_restore_brain.nii,./Experiments/CPS/results/unnormalized/dHCP/sub-CC00216AN10_ses-73100_T2w_BET.nii,0.954400
./Experiments/CPS/groundtruth/unnormalized/dHCP/sub-CC00217XX11_ses-73700_T2w_restore_brain.nii,./Experiments/CPS/results/unnormalized/dHCP/sub-CC00217XX11_ses-73700_T2w_BET.nii,0.905802
./Experiments/CPS/groundtruth/unnormalized/dHCP/sub-CC00221XX07_ses-75000_T2w_restore_brain.nii,./Experiments/CPS/results/unnormalized/dHCP/sub-CC00221XX07_ses-75000_T2w_BET.nii,0.907872
./Experiments/CPS/groundtruth/unnormalized/dHCP/sub-CC00237XX15_ses-79300_T2w_restore_brain.nii,./Experiments/CPS/results/unnormalized/dHCP/sub-CC00237XX15_ses-79300_T2w_BET.nii,0.913452
./Experiments/CPS/groundtruth/unnormalized/dHCP/sub-CC00250XX03_ses-83700_T2w_restore_brain.nii,./Experiments/CPS/results/unnormalized/dHCP/sub-CC00250XX03_ses-83700_T2w_BET.nii,0.907588
./Experiments/CPS/groundtruth/unnormalized/dHCP/sub-CC00268XX13_ses-87800_T2w_restore_brain.nii,./Experiments/CPS/results/unnormalized/dHCP/sub-CC00268XX13_ses-87800_T2w_BET.nii,0.931909
./Experiments/CPS/groundtruth/unnormalized/dHCP/sub-CC00281BN10_ses-90500_T2w_restore_brain.nii,./Experiments/CPS/results/unnormalized/dHCP/sub-CC00281BN10_ses-90500_T2w_BET.nii,0.875774
./Experiments/CPS/groundtruth/unnormalized/dHCP/sub-CC00303XX06_ses-96900_T2w_restore_brain.nii,./Experiments/CPS/results/unnormalized/dHCP/sub-CC00303XX06_ses-96900_T2w_BET.nii,0.929628
./Experiments/CPS/groundtruth/unnormalized/dHCP/sub-CC00313XX08_ses-100000_T2w_restore_brain.nii,./Experiments/CPS/results/unnormalized/dHCP/sub-CC00313XX08_ses-100000_T2w_BET.nii,0.918064
./Experiments/CPS/groundtruth/unnormalized/dHCP/sub-CC00334XX13_ses-106100_T2w_restore_brain.nii,./Experiments/CPS/results/unnormalized/dHCP/sub-CC00334XX13_ses-106100_T2w_BET.nii,0.915337
./Experiments/CPS/groundtruth/unnormalized/dHCP/sub-CC00338BN17_ses-107600_T2w_restore_brain.nii,./Experiments/CPS/results/unnormalized/dHCP/sub-CC00338BN17_ses-107600_T2w_BET.nii,0.935629
./Experiments/CPS/groundtruth/unnormalized/dHCP/sub-CC00347XX18_ses-109600_T2w_restore_brain.nii,./Experiments/CPS/results/unnormalized/dHCP/sub-CC00347XX18_ses-109600_T2w_BET.nii,0.893565
./Experiments/CPS/groundtruth/unnormalized/dHCP/sub-CC00357XX11_ses-113900_T2w_restore_brain.nii,./Experiments/CPS/results/unnormalized/dHCP/sub-CC00357XX11_ses-113900_T2w_BET.nii,0.874877
./Experiments/CPS/groundtruth/unnormalized/dHCP/sub-CC00363XX09_ses-114900_T2w_restore_brain.nii,./Experiments/CPS/results/unnormalized/dHCP/sub-CC00363XX09_ses-114900_T2w_BET.nii,0.893880
./Experiments/CPS/groundtruth/unnormalized/dHCP/sub-CC00367XX13_ses-116000_T2w_restore_brain.nii,./Experiments/CPS/results/unnormalized/dHCP/sub-CC00367XX13_ses-116000_T2w_BET.nii,0.918799
./Experiments/CPS/groundtruth/unnormalized/dHCP/sub-CC00379XX17_ses-120400_T2w_restore_brain.nii,./Experiments/CPS/results/unnormalized/dHCP/sub-CC00379XX17_ses-120400_T2w_BET.nii,0.940568
./Experiments/CPS/groundtruth/unnormalized/dHCP/sub-CC00413XX09_ses-127100_T2w_restore_brain.nii,./Experiments/CPS/results/unnormalized/dHCP/sub-CC00413XX09_ses-127100_T2w_BET.nii,0.882360
./Experiments/CPS/groundtruth/unnormalized/dHCP/sub-CC00415XX11_ses-127400_T2w_restore_brain.nii,./Experiments/CPS/results/unnormalized/dHCP/sub-CC00415XX11_ses-127400_T2w_BET.nii,0.906573
./Experiments/CPS/groundtruth/unnormalized/dHCP/sub-CC00418BN14_ses-125300_T2w_restore_brain.nii,./Experiments/CPS/results/unnormalized/dHCP/sub-CC00418BN14_ses-125300_T2w_BET.nii,0.935241
./Experiments/CPS/groundtruth/unnormalized/dHCP/sub-CC00421AN09_ses-126000_T2w_restore_brain.nii,./Experiments/CPS/results/unnormalized/dHCP/sub-CC00421AN09_ses-126000_T2w_BET.nii,0.933143
./Experiments/CPS/groundtruth/unnormalized/dHCP/sub-CC00421BN09_ses-126100_T2w_restore_brain.nii,./Experiments/CPS/results/unnormalized/dHCP/sub-CC00421BN09_ses-126100_T2w_BET.nii,0.941923
./Experiments/CPS/groundtruth/unnormalized/dHCP/sub-CC00422XX10_ses-127800_T2w_restore_brain.nii,./Experiments/CPS/results/unnormalized/dHCP/sub-CC00422XX10_ses-127800_T2w_BET.nii,0.859463
./Experiments/CPS/groundtruth/unnormalized/dHCP/sub-CC00480XX11_ses-141609_T2w_restore_brain.nii,./Experiments/CPS/results/unnormalized/dHCP/sub-CC00480XX11_ses-141609_T2w_BET.nii,0.883461
./Experiments/CPS/groundtruth/normalized/ALBERT/iw03_T2_Export.nii,./Experiments/CPS/results/normalized/ALBERT/iw03_T2_neoBET_brain.nii,0.755814
./Experiments/CPS/groundtruth/normalized/ALBERT/iw05_T2_Export.nii,./Experiments/CPS/results/normalized/ALBERT/iw05_T2_neoBET_brain.nii,0.761608
./Experiments/CPS/groundtruth/normalized/ALBERT/iw06_T2_Export.nii,./Experiments/CPS/results/normalized/ALBERT/iw06_T2_neoBET_brain.nii,0.830126
./Experiments/CPS/groundtruth/normalized/ALBERT/iw10_T2_Export.nii,./Experiments/CPS/results/normalized/ALBERT/iw10_T2_neoBET_brain.nii,0.722802
./Experiments/CPS/groundtruth/normalized/ALBERT/iw11_T2_Export.nii,./Experiments/CPS/results/normalized/ALBERT/iw11_T2_neoBET_brain.nii,0.743419
./Experiments/CPS/groundtruth/normalized/ALBERT/iw12_T2_Export.nii,./Experiments/CPS/results/normalized/ALBERT/iw12_T2_neoBET_brain.nii,0.729728
./Experiments/CPS/groundtruth/normalized/ALBERT/iw17_T2_Export.nii,./Experiments/CPS/results/normalized/ALBERT/iw17_T2_neoBET_brain.nii,0.722415
./Experiments/CPS/groundtruth/normalized/dHCP/iwsub-CC00069XX12_ses-26300_T2w_restore_brain.nii,./Experiments/CPS/results/normalized/dHCP/iwsub-CC00069XX12_ses-26300_T2w_neoBET_brain.nii,0.883808
./Experiments/CPS/groundtruth/normalized/dHCP/iwsub-CC00099AN18_ses-34200_T2w_restore_brain.nii,./Experiments/CPS/results/normalized/dHCP/iwsub-CC00099AN18_ses-34200_T2w_neoBET_brain.nii,0.854923
./Experiments/CPS/groundtruth/normalized/dHCP/iwsub-CC00117XX10_ses-38200_T2w_restore_brain.nii,./Experiments/CPS/results/normalized/dHCP/iwsub-CC00117XX10_ses-38200_T2w_neoBET_brain.nii,0.848619
./Experiments/CPS/groundtruth/normalized/dHCP/iwsub-CC00122XX07_ses-42000_T2w_restore_brain.nii,./Experiments/CPS/results/normalized/dHCP/iwsub-CC00122XX07_ses-42000_T2w_neoBET_brain.nii,0.882717
./Experiments/CPS/groundtruth/normalized/dHCP/iwsub-CC00126XX11_ses-43100_T2w_restore_brain.nii,./Experiments/CPS/results/normalized/dHCP/iwsub-CC00126XX11_ses-43100_T2w_neoBET_brain.nii,0.888859
./Experiments/CPS/groundtruth/normalized/dHCP/iwsub-CC00138XX15_ses-46200_T2w_restore_brain.nii,./Experiments/CPS/results/normalized/dHCP/iwsub-CC00138XX15_ses-46200_T2w_neoBET_brain.nii,0.875577
./Experiments/CPS/groundtruth/normalized/dHCP/iwsub-CC00162XX06_ses-53600_T2w_restore_brain.nii,./Experiments/CPS/results/normalized/dHCP/iwsub-CC00162XX06_ses-53600_T2w_neoBET_brain.nii,0.857588
./Experiments/CPS/groundtruth/normalized/dHCP/iwsub-CC00164XX08_ses-54000_T2w_restore_brain.nii,./Experiments/CPS/results/normalized/dHCP/iwsub-CC00164XX08_ses-54000_T2w_neoBET_brain.nii,0.866532
./Experiments/CPS/groundtruth/normalized/dHCP/iwsub-CC00168XX12_ses-55700_T2w_restore_brain.nii,./Experiments/CPS/results/normalized/dHCP/iwsub-CC00168XX12_ses-55700_T2w_neoBET_brain.nii,0.884713
./Experiments/CPS/groundtruth/normalized/dHCP/iwsub-CC00170XX06_ses-56100_T2w_restore_brain.nii,./Experiments/CPS/results/normalized/dHCP/iwsub-CC00170XX06_ses-56100_T2w_neoBET_brain.nii,0.879401
./Experiments/CPS/groundtruth/normalized/dHCP/iwsub-CC00172AN08_ses-56901_T2w_restore_brain.nii,./Experiments/CPS/results/normalized/dHCP/iwsub-CC00172AN08_ses-56901_T2w_neoBET_brain.nii,0.901095
./Experiments/CPS/groundtruth/normalized/dHCP/iwsub-CC00172BN08_ses-57300_T2w_restore_brain.nii,./Experiments/CPS/results/normalized/dHCP/iwsub-CC00172BN08_ses-57300_T2w_neoBET_brain.nii,0.908298
./Experiments/CPS/groundtruth/normalized/dHCP/iwsub-CC00176XX12_ses-57600_T2w_restore_brain.nii,./Experiments/CPS/results/normalized/dHCP/iwsub-CC00176XX12_ses-57600_T2w_neoBET_brain.nii,0.891832
./Experiments/CPS/groundtruth/normalized/dHCP/iwsub-CC00201XX03_ses-67600_T2w_restore_brain.nii,./Experiments/CPS/results/normalized/dHCP/iwsub-CC00201XX03_ses-67600_T2w_neoBET_brain.nii,0.878737
./Experiments/CPS/groundtruth/normalized/dHCP/iwsub-CC00205XX07_ses-70000_T2w_restore_brain.nii,./Experiments/CPS/results/normalized/dHCP/iwsub-CC00205XX07_ses-70000_T2w_neoBET_brain.nii,0.855730
./Experiments/CPS/groundtruth/normalized/dHCP/iwsub-CC00206XX08_ses-70100_T2w_restore_brain.nii,./Experiments/CPS/results/normalized/dHCP/iwsub-CC00206XX08_ses-70100_T2w_neoBET_brain.nii,0.873611
./Experiments/CPS/groundtruth/normalized/dHCP/iwsub-CC00209XX11_ses-70400_T2w_restore_brain.nii,./Experiments/CPS/results/normalized/dHCP/iwsub-CC00209XX11_ses-70400_T2w_neoBET_brain.nii,0.896440
./Experiments/CPS/groundtruth/normalized/dHCP/iwsub-CC00216AN10_ses-73100_T2w_restore_brain.nii,./Experiments/CPS/results/normalized/dHCP/iwsub-CC00216AN10_ses-73100_T2w_neoBET_brain.nii,0.918814
./Experiments/CPS/groundtruth/normalized/dHCP/iwsub-CC00217XX11_ses-73700_T2w_restore_brain.nii,./Experiments/CPS/results/normalized/dHCP/iwsub-CC00217XX11_ses-73700_T2w_neoBET_brain.nii,0.872583
./Experiments/CPS/groundtruth/normalized/dHCP/iwsub-CC00221XX07_ses-75000_T2w_restore_brain.nii,./Experiments/CPS/results/normalized/dHCP/iwsub-CC00221XX07_ses-75000_T2w_neoBET_brain.nii,0.874615
./Experiments/CPS/groundtruth/normalized/dHCP/iwsub-CC00237XX15_ses-79300_T2w_restore_brain.nii,./Experiments/CPS/results/normalized/dHCP/iwsub-CC00237XX15_ses-79300_T2w_neoBET_brain.nii,0.868479
./Experiments/CPS/groundtruth/normalized/dHCP/iwsub-CC00250XX03_ses-83700_T2w_restore_brain.nii,./Experiments/CPS/results/normalized/dHCP/iwsub-CC00250XX03_ses-83700_T2w_neoBET_brain.nii,0.876487
./Experiments/CPS/groundtruth/normalized/dHCP/iwsub-CC00268XX13_ses-87800_T2w_restore_brain.nii,./Experiments/CPS/results/normalized/dHCP/iwsub-CC00268XX13_ses-87800_T2w_neoBET_brain.nii,0.891325
./Experiments/CPS/groundtruth/normalized/dHCP/iwsub-CC00281BN10_ses-90500_T2w_restore_brain.nii,./Experiments/CPS/results/normalized/dHCP/iwsub-CC00281BN10_ses-90500_T2w_neoBET_brain.nii,0.856030
./Experiments/CPS/groundtruth/normalized/dHCP/iwsub-CC00303XX06_ses-96900_T2w_restore_brain.nii,./Experiments/CPS/results/normalized/dHCP/iwsub-CC00303XX06_ses-96900_T2w_neoBET_brain.nii,0.899473
./Experiments/CPS/groundtruth/normalized/dHCP/iwsub-CC00313XX08_ses-100000_T2w_restore_brain.nii,./Experiments/CPS/results/normalized/dHCP/iwsub-CC00313XX08_ses-100000_T2w_neoBET_brain.nii,0.885389
./Experiments/CPS/groundtruth/normalized/dHCP/iwsub-CC00334XX13_ses-106100_T2w_restore_brain.nii,./Experiments/CPS/results/normalized/dHCP/iwsub-CC00334XX13_ses-106100_T2w_neoBET_brain.nii,0.881747
./Experiments/CPS/groundtruth/normalized/dHCP/iwsub-CC00338BN17_ses-107600_T2w_restore_brain.nii,./Experiments/CPS/results/normalized/dHCP/iwsub-CC00338BN17_ses-107600_T2w_neoBET_brain.nii,0.892654
./Experiments/CPS/groundtruth/normalized/dHCP/iwsub-CC00347XX18_ses-109600_T2w_restore_brain.nii,./Experiments/CPS/results/normalized/dHCP/iwsub-CC00347XX18_ses-109600_T2w_neoBET_brain.nii,0.851888
./Experiments/CPS/groundtruth/normalized/dHCP/iwsub-CC00357XX11_ses-113900_T2w_restore_brain.nii,./Experiments/CPS/results/normalized/dHCP/iwsub-CC00357XX11_ses-113900_T2w_neoBET_brain.nii,0.834942
./Experiments/CPS/groundtruth/normalized/dHCP/iwsub-CC00363XX09_ses-114900_T2w_restore_brain.nii,./Experiments/CPS/results/normalized/dHCP/iwsub-CC00363XX09_ses-114900_T2w_neoBET_brain.nii,0.859658
./Experiments/CPS/groundtruth/normalized/dHCP/iwsub-CC00367XX13_ses-116000_T2w_restore_brain.nii,./Experiments/CPS/results/normalized/dHCP/iwsub-CC00367XX13_ses-116000_T2w_neoBET_brain.nii,0.886774
./Experiments/CPS/groundtruth/normalized/dHCP/iwsub-CC00379XX17_ses-120400_T2w_restore_brain.nii,./Experiments/CPS/results/normalized/dHCP/iwsub-CC00379XX17_ses-120400_T2w_neoBET_brain.nii,0.914343
./Experiments/CPS/groundtruth/normalized/dHCP/iwsub-CC00413XX09_ses-127100_T2w_restore_brain.nii,./Experiments/CPS/results/normalized/dHCP/iwsub-CC00413XX09_ses-127100_T2w_neoBET_brain.nii,0.856476
./Experiments/CPS/groundtruth/normalized/dHCP/iwsub-CC00415XX11_ses-127400_T2w_restore_brain.nii,./Experiments/CPS/results/normalized/dHCP/iwsub-CC00415XX11_ses-127400_T2w_neoBET_brain.nii,0.876741
./Experiments/CPS/groundtruth/normalized/dHCP/iwsub-CC00418BN14_ses-125300_T2w_restore_brain.nii,./Experiments/CPS/results/normalized/dHCP/iwsub-CC00418BN14_ses-125300_T2w_neoBET_brain.nii,0.906325
./Experiments/CPS/groundtruth/normalized/dHCP/iwsub-CC00421AN09_ses-126000_T2w_restore_brain.nii,./Experiments/CPS/results/normalized/dHCP/iwsub-CC00421AN09_ses-126000_T2w_neoBET_brain.nii,0.896536
./Experiments/CPS/groundtruth/normalized/dHCP/iwsub-CC00421BN09_ses-126100_T2w_restore_brain.nii,./Experiments/CPS/results/normalized/dHCP/iwsub-CC00421BN09_ses-126100_T2w_neoBET_brain.nii,0.904831
./Experiments/CPS/groundtruth/normalized/dHCP/iwsub-CC00422XX10_ses-127800_T2w_restore_brain.nii,./Experiments/CPS/results/normalized/dHCP/iwsub-CC00422XX10_ses-127800_T2w_neoBET_brain.nii,0.824324
./Experiments/CPS/groundtruth/normalized/dHCP/iwsub-CC00480XX11_ses-141609_T2w_restore_brain.nii,./Experiments/CPS/results/normalized/dHCP/iwsub-CC00480XX11_ses-141609_T2w_neoBET_brain.nii,0.852529
./Experiments/CPS/groundtruth/unnormalized/ALBERT/03_T2_Export.nii,./Experiments/CPS/results/unnormalized/ALBERT/03_T2_neoBET_brain.nii,0.753342
./Experiments/CPS/groundtruth/unnormalized/ALBERT/05_T2_Export.nii,./Experiments/CPS/results/unnormalized/ALBERT/05_T2_neoBET_brain.nii,0.753494
./Experiments/CPS/groundtruth/unnormalized/ALBERT/06_T2_Export.nii,./Experiments/CPS/results/unnormalized/ALBERT/06_T2_neoBET_brain.nii,0.832471
./Experiments/CPS/groundtruth/unnormalized/ALBERT/10_T2_Export.nii,./Experiments/CPS/results/unnormalized/ALBERT/10_T2_neoBET_brain.nii,0.709787
./Experiments/CPS/groundtruth/unnormalized/ALBERT/11_T2_Export.nii,./Experiments/CPS/results/unnormalized/ALBERT/11_T2_neoBET_brain.nii,0.744015
./Experiments/CPS/groundtruth/unnormalized/ALBERT/12_T2_Export.nii,./Experiments/CPS/results/unnormalized/ALBERT/12_T2_neoBET_brain.nii,0.722295
./Experiments/CPS/groundtruth/unnormalized/ALBERT/17_T2_Export.nii,./Experiments/CPS/results/unnormalized/ALBERT/17_T2_neoBET_brain.nii,0.720939
./Experiments/CPS/groundtruth/unnormalized/dHCP/sub-CC00069XX12_ses-26300_T2w_restore_brain.nii,./Experiments/CPS/results/unnormalized/dHCP/sub-CC00069XX12_ses-26300_T2w_neoBET_brain.nii,0.875707
./Experiments/CPS/groundtruth/unnormalized/dHCP/sub-CC00099AN18_ses-34200_T2w_restore_brain.nii,./Experiments/CPS/results/unnormalized/dHCP/sub-CC00099AN18_ses-34200_T2w_neoBET_brain.nii,0.851308
./Experiments/CPS/groundtruth/unnormalized/dHCP/sub-CC00117XX10_ses-38200_T2w_restore_brain.nii,./Experiments/CPS/results/unnormalized/dHCP/sub-CC00117XX10_ses-38200_T2w_neoBET_brain.nii,0.835103
./Experiments/CPS/groundtruth/unnormalized/dHCP/sub-CC00122XX07_ses-42000_T2w_restore_brain.nii,./Experiments/CPS/results/unnormalized/dHCP/sub-CC00122XX07_ses-42000_T2w_neoBET_brain.nii,0.878541
./Experiments/CPS/groundtruth/unnormalized/dHCP/sub-CC00126XX11_ses-43100_T2w_restore_brain.nii,./Experiments/CPS/results/unnormalized/dHCP/sub-CC00126XX11_ses-43100_T2w_neoBET_brain.nii,0.883257
./Experiments/CPS/groundtruth/unnormalized/dHCP/sub-CC00138XX15_ses-46200_T2w_restore_brain.nii,./Experiments/CPS/results/unnormalized/dHCP/sub-CC00138XX15_ses-46200_T2w_neoBET_brain.nii,0.868154
./Experiments/CPS/groundtruth/unnormalized/dHCP/sub-CC00162XX06_ses-53600_T2w_restore_brain.nii,./Experiments/CPS/results/unnormalized/dHCP/sub-CC00162XX06_ses-53600_T2w_neoBET_brain.nii,0.852168
./Experiments/CPS/groundtruth/unnormalized/dHCP/sub-CC00164XX08_ses-54000_T2w_restore_brain.nii,./Experiments/CPS/results/unnormalized/dHCP/sub-CC00164XX08_ses-54000_T2w_neoBET_brain.nii,0.855723
./Experiments/CPS/groundtruth/unnormalized/dHCP/sub-CC00168XX12_ses-55700_T2w_restore_brain.nii,./Experiments/CPS/results/unnormalized/dHCP/sub-CC00168XX12_ses-55700_T2w_neoBET_brain.nii,0.881889
./Experiments/CPS/groundtruth/unnormalized/dHCP/sub-CC00170XX06_ses-56100_T2w_restore_brain.nii,./Experiments/CPS/results/unnormalized/dHCP/sub-CC00170XX06_ses-56100_T2w_neoBET_brain.nii,0.866884
./Experiments/CPS/groundtruth/unnormalized/dHCP/sub-CC00172AN08_ses-56901_T2w_restore_brain.nii,./Experiments/CPS/results/unnormalized/dHCP/sub-CC00172AN08_ses-56901_T2w_neoBET_brain.nii,0.890067
./Experiments/CPS/groundtruth/unnormalized/dHCP/sub-CC00172BN08_ses-57300_T2w_restore_brain.nii,./Experiments/CPS/results/unnormalized/dHCP/sub-CC00172BN08_ses-57300_T2w_neoBET_brain.nii,0.899335
./Experiments/CPS/groundtruth/unnormalized/dHCP/sub-CC00176XX12_ses-57600_T2w_restore_brain.nii,./Experiments/CPS/results/unnormalized/dHCP/sub-CC00176XX12_ses-57600_T2w_neoBET_brain.nii,0.887821
./Experiments/CPS/groundtruth/unnormalized/dHCP/sub-CC00201XX03_ses-67600_T2w_restore_brain.nii,./Experiments/CPS/results/unnormalized/dHCP/sub-CC00201XX03_ses-67600_T2w_neoBET_brain.nii,0.873844
./Experiments/CPS/groundtruth/unnormalized/dHCP/sub-CC00205XX07_ses-70000_T2w_restore_brain.nii,./Experiments/CPS/results/unnormalized/dHCP/sub-CC00205XX07_ses-70000_T2w_neoBET_brain.nii,0.850760
./Experiments/CPS/groundtruth/unnormalized/dHCP/sub-CC00206XX08_ses-70100_T2w_restore_brain.nii,./Experiments/CPS/results/unnormalized/dHCP/sub-CC00206XX08_ses-70100_T2w_neoBET_brain.nii,0.866029
./Experiments/CPS/groundtruth/unnormalized/dHCP/sub-CC00209XX11_ses-70400_T2w_restore_brain.nii,./Experiments/CPS/results/unnormalized/dHCP/sub-CC00209XX11_ses-70400_T2w_neoBET_brain.nii,0.890201
./Experiments/CPS/groundtruth/unnormalized/dHCP/sub-CC00216AN10_ses-73100_T2w_restore_brain.nii,./Experiments/CPS/results/unnormalized/dHCP/sub-CC00216AN10_ses-73100_T2w_neoBET_brain.nii,0.912631
./Experiments/CPS/groundtruth/unnormalized/dHCP/sub-CC00217XX11_ses-73700_T2w_restore_brain.nii,./Experiments/CPS/results/unnormalized/dHCP/sub-CC00217XX11_ses-73700_T2w_neoBET_brain.nii,0.865375
./Experiments/CPS/groundtruth/unnormalized/dHCP/sub-CC00221XX07_ses-75000_T2w_restore_brain.nii,./Experiments/CPS/results/unnormalized/dHCP/sub-CC00221XX07_ses-75000_T2w_neoBET_brain.nii,0.866452
./Experiments/CPS/groundtruth/unnormalized/dHCP/sub-CC00237XX15_ses-79300_T2w_restore_brain.nii,./Experiments/CPS/results/unnormalized/dHCP/sub-CC00237XX15_ses-79300_T2w_neoBET_brain.nii,0.859945
./Experiments/CPS/groundtruth/unnormalized/dHCP/sub-CC00250XX03_ses-83700_T2w_restore_brain.nii,./Experiments/CPS/results/unnormalized/dHCP/sub-CC00250XX03_ses-83700_T2w_neoBET_brain.nii,0.866514
./Experiments/CPS/groundtruth/unnormalized/dHCP/sub-CC00268XX13_ses-87800_T2w_restore_brain.nii,./Experiments/CPS/results/unnormalized/dHCP/sub-CC00268XX13_ses-87800_T2w_neoBET_brain.nii,0.881447
./Experiments/CPS/groundtruth/unnormalized/dHCP/sub-CC00281BN10_ses-90500_T2w_restore_brain.nii,./Experiments/CPS/results/unnormalized/dHCP/sub-CC00281BN10_ses-90500_T2w_neoBET_brain.nii,0.853414
./Experiments/CPS/groundtruth/unnormalized/dHCP/sub-CC00303XX06_ses-96900_T2w_restore_brain.nii,./Experiments/CPS/results/unnormalized/dHCP/sub-CC00303XX06_ses-96900_T2w_neoBET_brain.nii,0.896782
./Experiments/CPS/groundtruth/unnormalized/dHCP/sub-CC00313XX08_ses-100000_T2w_restore_brain.nii,./Experiments/CPS/results/unnormalized/dHCP/sub-CC00313XX08_ses-100000_T2w_neoBET_brain.nii,0.874233
./Experiments/CPS/groundtruth/unnormalized/dHCP/sub-CC00334XX13_ses-106100_T2w_restore_brain.nii,./Experiments/CPS/results/unnormalized/dHCP/sub-CC00334XX13_ses-106100_T2w_neoBET_brain.nii,0.866646
./Experiments/CPS/groundtruth/unnormalized/dHCP/sub-CC00338BN17_ses-107600_T2w_restore_brain.nii,./Experiments/CPS/results/unnormalized/dHCP/sub-CC00338BN17_ses-107600_T2w_neoBET_brain.nii,0.884284
./Experiments/CPS/groundtruth/unnormalized/dHCP/sub-CC00347XX18_ses-109600_T2w_restore_brain.nii,./Experiments/CPS/results/unnormalized/dHCP/sub-CC00347XX18_ses-109600_T2w_neoBET_brain.nii,0.841988
./Experiments/CPS/groundtruth/unnormalized/dHCP/sub-CC00357XX11_ses-113900_T2w_restore_brain.nii,./Experiments/CPS/results/unnormalized/dHCP/sub-CC00357XX11_ses-113900_T2w_neoBET_brain.nii,0.824315
./Experiments/CPS/groundtruth/unnormalized/dHCP/sub-CC00363XX09_ses-114900_T2w_restore_brain.nii,./Experiments/CPS/results/unnormalized/dHCP/sub-CC00363XX09_ses-114900_T2w_neoBET_brain.nii,0.848455
./Experiments/CPS/groundtruth/unnormalized/dHCP/sub-CC00367XX13_ses-116000_T2w_restore_brain.nii,./Experiments/CPS/results/unnormalized/dHCP/sub-CC00367XX13_ses-116000_T2w_neoBET_brain.nii,0.878311
./Experiments/CPS/groundtruth/unnormalized/dHCP/sub-CC00379XX17_ses-120400_T2w_restore_brain.nii,./Experiments/CPS/results/unnormalized/dHCP/sub-CC00379XX17_ses-120400_T2w_neoBET_brain.nii,0.906226
./Experiments/CPS/groundtruth/unnormalized/dHCP/sub-CC00413XX09_ses-127100_T2w_restore_brain.nii,./Experiments/CPS/results/unnormalized/dHCP/sub-CC00413XX09_ses-127100_T2w_neoBET_brain.nii,0.850549
./Experiments/CPS/groundtruth/unnormalized/dHCP/sub-CC00415XX11_ses-127400_T2w_restore_brain.nii,./Experiments/CPS/results/unnormalized/dHCP/sub-CC00415XX11_ses-127400_T2w_neoBET_brain.nii,0.865796
./Experiments/CPS/groundtruth/unnormalized/dHCP/sub-CC00418BN14_ses-125300_T2w_restore_brain.nii,./Experiments/CPS/results/unnormalized/dHCP/sub-CC00418BN14_ses-125300_T2w_neoBET_brain.nii,0.901166
./Experiments/CPS/groundtruth/unnormalized/dHCP/sub-CC00421AN09_ses-126000_T2w_restore_brain.nii,./Experiments/CPS/results/unnormalized/dHCP/sub-CC00421AN09_ses-126000_T2w_neoBET_brain.nii,0.885603
./Experiments/CPS/groundtruth/unnormalized/dHCP/sub-CC00421BN09_ses-126100_T2w_restore_brain.nii,./Experiments/CPS/results/unnormalized/dHCP/sub-CC00421BN09_ses-126100_T2w_neoBET_brain.nii,0.899899
./Experiments/CPS/groundtruth/unnormalized/dHCP/sub-CC00422XX10_ses-127800_T2w_restore_brain.nii,./Experiments/CPS/results/unnormalized/dHCP/sub-CC00422XX10_ses-127800_T2w_neoBET_brain.nii,0.819488
./Experiments/CPS/groundtruth/unnormalized/dHCP/sub-CC00480XX11_ses-141609_T2w_restore_brain.nii,./Experiments/CPS/results/unnormalized/dHCP/sub-CC00480XX11_ses-141609_T2w_neoBET_brain.nii,0.846625
